,coverage,density,id,k,mass,mean,n,res_dim
0,1.0,0.169,0,338,1.0,0.169,2000,0
1,1.0,0.19281232173416998,1,338,0.8765,0.19281232173416998,1753,1
2,0.9970414201183432,0.20362537764350452,2,337,0.8275,0.20362537764350452,1655,1
3,0.9940828402366864,0.21374045801526717,3,336,0.786,0.21374045801526717,1572,2
4,0.9911242603550295,0.22438044206296048,4,335,0.7465,0.22438044206296048,1493,2
5,0.9911242603550295,0.23624823695345556,5,335,0.709,0.23624823695345556,1418,2
6,0.9911242603550295,0.24870081662954716,6,335,0.6735,0.24870081662954716,1347,2
7,0.9881656804733728,0.2611415168100078,7,334,0.6395,0.2611415168100078,1279,2
8,0.9585798816568047,0.28371278458844135,8,324,0.571,0.28371278458844135,1142,2
9,0.9467455621301775,0.2952029520295203,9,320,0.542,0.2952029520295203,1084,2
10,0.9349112426035503,0.30709426627793973,10,316,0.5145,0.30709426627793973,1029,3
11,0.9171597633136095,0.3172978505629478,11,310,0.4885,0.3172978505629478,977,3
12,0.8964497041420119,0.3265086206896552,12,303,0.464,0.3265086206896552,928,3
13,0.8757396449704142,0.33598183881952326,13,296,0.4405,0.33598183881952326,881,3
14,0.8579881656804734,0.34688995215311,14,290,0.418,0.34688995215311,836,3
15,0.8372781065088757,0.36050955414012736,15,283,0.3925,0.36050955414012736,785,3
16,0.8195266272189349,0.3718120805369127,16,277,0.3725,0.3718120805369127,745,3
17,0.7988165680473372,0.38189533239038187,17,270,0.3535,0.38189533239038187,707,3
18,0.7840236686390533,0.3949329359165425,18,265,0.3355,0.3949329359165425,671,3
19,0.7692307692307693,0.40816326530612246,19,260,0.3185,0.40816326530612246,637,3
20,0.757396449704142,0.4231404958677686,20,256,0.3025,0.4231404958677686,605,3
21,0.7366863905325444,0.4337979094076655,21,249,0.287,0.4337979094076655,574,3
22,0.7159763313609467,0.44403669724770645,22,242,0.2725,0.44403669724770645,545,3
23,0.7041420118343196,0.46034816247582205,23,238,0.2585,0.46034816247582205,517,3
24,0.6834319526627219,0.47046843177189407,24,231,0.2455,0.47046843177189407,491,4
25,0.6597633136094675,0.47854077253218885,25,223,0.233,0.47854077253218885,466,4
26,0.6479289940828402,0.49547511312217196,26,219,0.221,0.49547511312217196,442,4
27,0.6005917159763313,0.5113350125944585,27,203,0.1985,0.5113350125944585,397,4
28,0.5798816568047337,0.519893899204244,28,196,0.1885,0.519893899204244,377,4
29,0.5650887573964497,0.5335195530726257,29,191,0.179,0.5335195530726257,358,4
30,0.5443786982248521,0.5411764705882353,30,184,0.17,0.5411764705882353,340,4
31,0.5266272189349113,0.5510835913312694,31,178,0.1615,0.5510835913312694,323,4
32,0.5088757396449705,0.5620915032679739,32,172,0.153,0.5620915032679739,306,4
33,0.4970414201183432,0.5793103448275863,33,168,0.145,0.5793103448275863,290,4
34,0.47633136094674555,0.5854545454545454,34,161,0.1375,0.5854545454545454,275,4
35,0.4556213017751479,0.5900383141762452,35,154,0.1305,0.5900383141762452,261,4
36,0.4349112426035503,0.5951417004048583,36,147,0.1235,0.5951417004048583,247,4
37,0.42011834319526625,0.6068376068376068,37,142,0.117,0.6068376068376068,234,4
38,0.40532544378698226,0.6171171171171171,38,137,0.111,0.6171171171171171,222,5
39,0.38461538461538464,0.6190476190476191,39,130,0.105,0.6190476190476191,210,5
40,0.3727810650887574,0.6331658291457286,40,126,0.0995,0.6331658291457286,199,5
41,0.35502958579881655,0.6349206349206349,41,120,0.0945,0.6349206349206349,189,5
42,0.33727810650887574,0.6368715083798883,42,114,0.0895,0.6368715083798883,179,5
43,0.3224852071005917,0.6411764705882353,43,109,0.085,0.6411764705882353,170,6
44,0.3106508875739645,0.6521739130434783,44,105,0.0805,0.6521739130434783,161,6
45,0.2958579881656805,0.6578947368421053,45,100,0.076,0.6578947368421053,152,7
46,0.28402366863905326,0.6666666666666666,46,96,0.072,0.6666666666666666,144,7
47,0.2692307692307692,0.6691176470588235,47,91,0.068,0.6691176470588235,136,7
48,0.257396449704142,0.6744186046511628,48,87,0.0645,0.6744186046511628,129,7
49,0.2455621301775148,0.680327868852459,49,83,0.061,0.680327868852459,122,7
50,0.23668639053254437,0.6956521739130435,50,80,0.0575,0.6956521739130435,115,7
51,0.21597633136094674,0.7019230769230769,51,73,0.052,0.7019230769230769,104,7
52,0.21893491124260356,0.7047619047619048,52,74,0.0525,0.7047619047619048,105,7
53,0.22189349112426035,0.7075471698113207,53,75,0.053,0.7075471698113207,106,7
54,0.22485207100591717,0.7102803738317757,54,76,0.0535,0.7102803738317757,107,7
55,0.22781065088757396,0.7129629629629629,55,77,0.054,0.7129629629629629,108,7
56,0.23076923076923078,0.7155963302752294,56,78,0.0545,0.7155963302752294,109,7
57,0.23372781065088757,0.7181818181818181,57,79,0.055,0.7181818181818181,110,7
58,0.23668639053254437,0.7207207207207207,58,80,0.0555,0.7207207207207207,111,7
59,0.23964497041420119,0.7232142857142857,59,81,0.056,0.7232142857142857,112,7
